{"name":"39b9e697-5bb1-43dc-a6e0-39a97aad1ac7","id":"/providers/Microsoft.Flow/flows/39b9e697-5bb1-43dc-a6e0-39a97aad1ac7","type":"Microsoft.Flow/flows","properties":{"apiId":"/providers/Microsoft.PowerApps/apis/shared_logicflows","displayName":"PowerApps - Get PDF document","definition":{"metadata":{"workflowEntityId":null,"creator":{"id":"cde2f6ec-1160-4c6b-aea2-666af8a79bf6","type":"User","tenantId":"6298d0a5-0e67-439e-8f40-a39ab6f8b9ec"},"provisioningMethod":"FromDefinition","failureAlertSubscription":true,"clientLastModifiedTime":"2018-12-28T16:16:03.2414575Z"},"$schema":"https://schema.management.azure.com/providers/Microsoft.Logic/schemas/2016-06-01/workflowdefinition.json#","contentVersion":"1.0.0.0","parameters":{"$connections":{"defaultValue":{},"type":"Object"},"$authentication":{"defaultValue":{},"type":"SecureObject"}},"triggers":{"manual":{"type":"Request","kind":"PowerApp","inputs":{"schema":{"type":"object","required":["Getfilecontentusingpath_FilePath"],"properties":{"Getfilecontentusingpath_FilePath":{"type":"string","description":"Select a file.. This parameter is used as part of \"path\"","x-ms-powerflows-param-ispartial":true}}}}}},"actions":{"Get_file_content_using_path":{"runAfter":{},"metadata":{"flowSystemMetadata":{"swaggerOperationId":"GetFileContentByPath"}},"type":"ApiConnection","inputs":{"host":{"connection":{"name":"@json(decodeBase64(triggerOutputs().headers['X-MS-APIM-Tokens']))['$connections']['shared_sharepointonline']['connectionId']"},"api":{"runtimeUrl":"https://flow-apim-europe-001-francecentral-01.azure-apim.net/apim/sharepointonline"}},"method":"get","path":"/datasets/@{encodeURIComponent(encodeURIComponent('https://wonderkid.sharepoint.com/teams/Bookings'))}/GetFileContentByPath","queries":{"path":"/Shared Documents/@{triggerBody()['Getfilecontentusingpath_FilePath']}","queryParametersSingleEncoded":true,"inferContentType":true},"authentication":{"type":"Raw","value":"@json(decodeBase64(triggerOutputs().headers['X-MS-APIM-Tokens']))['$ConnectionKey']"}}},"Respond_to_PowerApps":{"runAfter":{"Get_file_content_using_path":["Succeeded"]},"type":"Response","kind":"PowerApp","inputs":{"statusCode":200,"body":{"pdf":"@{body('Get_file_content_using_path')['$content']}"},"schema":{"type":"object","properties":{"pdf":{"title":"PDF","type":"string","x-ms-dynamically-added":true,"format":"byte"}}}}}},"outputs":{}},"connectionReferences":{"shared_sharepointonline":{"connectionName":"shared-sharepointonl-068e0ebe-8033-4a49-9d6d-7fa2d29576ee","source":"Invoker","id":"/providers/Microsoft.PowerApps/apis/shared_sharepointonline","tier":"NotSpecified"}},"flowFailureAlertSubscribed":false}}