{"schemaVersion":"1.0","appDefinitionTemplate":{"id":"/providers/Microsoft.PowerApps/apps/","type":"Microsoft.PowerApps/apps","tags":{"minimumRequiredApiVersion":"2.2.0"},"properties":{"appVersion":"2019-09-17T19:35:52Z","lifeCycleId":"Published","createdByClientVersion":{"major":3,"minor":19091,"build":18,"revision":0,"majorRevision":0,"minorRevision":0},"minClientVersion":{"major":3,"minor":19091,"build":18,"revision":0,"majorRevision":0,"minorRevision":0},"backgroundColor":"rgba(0, 99, 177, 1)","backgroundImageUri":"/5240145730947071670/N38fb6c57-8ad8-4c06-b54d-c1f896d771b2-logoSmallFile","displayName":"Booking Enquires - Mobile","description":"","commitMessage":"","appUris":{"documentUri":{"value":"/5240145730947071670/N78bc3c46-0057-4726-8e6b-c83ca01b43bb-document.msapp","readonlyValue":"/5240145730947071670/N78bc3c46-0057-4726-8e6b-c83ca01b43bb-document.msapp"},"imageUris":[]},"createdTime":"0001-01-01T00:00:00Z","lastModifiedTime":"0001-01-01T00:00:00Z","sharedGroupsCount":0,"sharedUsersCount":0,"icons":{"smallIconUri":"/5240145730947071670/Ne5638756-4341-46a1-a55b-411299c10aed-small.png","mediumIconUri":"/5240145730947071670/N9f2b77b8-2910-4eaa-a829-b48c68adf55b-medium.png","largeIconUri":"/5240145730947071670/N7b3acb8a-9a16-4e72-9c6d-75f3baf7c552-large.png","wideIconUri":"/5240145730947071670/Nd7736ed7-bba5-4ddf-b532-7e8d6a39f2b8-wide.png"},"connectionReferences":{"2e13fc68-7061-4f77-a70e-38c38f3d813d":{"id":"d48c83ee-d64d-4ed3-ad98-ea7546076dd7","displayName":"SharePoint","iconUri":"https://connectoricons-prod.azureedge.net/sharepointonline/icon_1.0.1234.1648.png","dataSources":["Booking Enquiries"],"dependencies":[],"dependents":["58efb813-73c8-45ef-b2c6-e436bebba217","c16778e5-c158-429c-b584-ce42d18370c7"],"parameterHints":{},"isOnPremiseConnection":false,"bypassConsent":false,"dataSets":{"https://wonderkid.sharepoint.com/teams/Bookings":{"dataSources":{"Booking Enquiries":{"tableName":"9adc2627-b407-4b16-b892-6a6808758030"}}}},"apiTier":"Standard","isCustomApiConnection":false},"58efb813-73c8-45ef-b2c6-e436bebba217":{"id":"23e84b48-ff96-4a08-9355-e2a0c98260fc","displayName":"Logic flows","iconUri":"https://resourcestackdeploy.blob.core.windows.net/scripts/13276078.png","dataSources":["Bookings-SPO-Content-Graph"],"dependencies":["2e13fc68-7061-4f77-a70e-38c38f3d813d"],"dependents":[],"parameterHints":{"workflowName":{"value":"e9d1e249-ba13-496f-8918-d306d18ef9d0"},"2e13fc68-7061-4f77-a70e-38c38f3d813d":{"value":"shared_sharepointonline"}},"isOnPremiseConnection":false,"bypassConsent":false,"dataSets":{},"apiTier":"Standard","isCustomApiConnection":false},"c16778e5-c158-429c-b584-ce42d18370c7":{"id":"23e84b48-ff96-4a08-9355-e2a0c98260fc","displayName":"Logic flows","iconUri":"https://resourcestackdeploy.blob.core.windows.net/scripts/13276078.png","dataSources":["PowerApps-GetPDFdocument"],"dependencies":["2e13fc68-7061-4f77-a70e-38c38f3d813d"],"dependents":[],"parameterHints":{"workflowName":{"value":"7f4db1a1-8143-4f77-b491-e6aed2a9d0e8"},"2e13fc68-7061-4f77-a70e-38c38f3d813d":{"value":"shared_sharepointonline"}},"isOnPremiseConnection":false,"bypassConsent":false,"dataSets":{},"apiTier":"Standard","isCustomApiConnection":false}},"databaseReferences":{},"almMode":"Environment"},"appComponents":[]}}